{
    "puf_loop[0]": {
        "rt_d0": 1.342,
        "rt_d1": 1.329,
        "diff": 0.013000000000000123,
        "out": 0
    },
    "puf_loop[1]": {
        "rt_d0": 1.342,
        "rt_d1": 1.329,
        "diff": 0.013000000000000123,
        "out": 0
    },
    "puf_loop[2]": {
        "rt_d0": 1.342,
        "rt_d1": 1.329,
        "diff": 0.013000000000000123,
        "out": 0
    },
    "puf_loop[3]": {
        "rt_d0": 1.342,
        "rt_d1": 1.329,
        "diff": 0.013000000000000123,
        "out": 0
    },
    "puf_loop[4]": {
        "rt_d0": 1.329,
        "rt_d1": 1.342,
        "diff": -0.013000000000000123,
        "out": 1
    },
    "puf_loop[5]": {
        "rt_d0": 1.342,
        "rt_d1": 1.329,
        "diff": 0.013000000000000123,
        "out": 0
    },
    "puf_loop[6]": {
        "rt_d0": 1.342,
        "rt_d1": 1.329,
        "diff": 0.013000000000000123,
        "out": 0
    },
    "puf_loop[7]": {
        "rt_d0": 1.342,
        "rt_d1": 1.329,
        "diff": 0.013000000000000123,
        "out": 0
    },
    "puf_loop[8]": {
        "rt_d0": 1.359,
        "rt_d1": 1.393,
        "diff": -0.03400000000000003,
        "out": 1
    },
    "puf_loop[9]": {
        "rt_d0": 1.359,
        "rt_d1": 1.393,
        "diff": -0.03400000000000003,
        "out": 1
    },
    "puf_loop[10]": {
        "rt_d0": 1.359,
        "rt_d1": 1.393,
        "diff": -0.03400000000000003,
        "out": 1
    },
    "puf_loop[11]": {
        "rt_d0": 1.359,
        "rt_d1": 1.393,
        "diff": -0.03400000000000003,
        "out": 1
    },
    "puf_loop[12]": {
        "rt_d0": 1.485,
        "rt_d1": 1.433,
        "diff": 0.052000000000000046,
        "out": 0
    },
    "puf_loop[13]": {
        "rt_d0": 1.485,
        "rt_d1": 1.433,
        "diff": 0.052000000000000046,
        "out": 0
    },
    "puf_loop[14]": {
        "rt_d0": 0.948,
        "rt_d1": 1.667,
        "diff": -0.7190000000000001,
        "out": 1
    },
    "puf_loop[15]": {
        "rt_d0": 1.485,
        "rt_d1": 1.433,
        "diff": 0.052000000000000046,
        "out": 0
    },
    "Average Static D-latch Cycle": 2.7340625000000007,
    "Average D-Diff": 0.06968750000000008
}