{
    "puf_loop[0]": {
        "rt_d0": 1.373,
        "rt_d1": 2.023,
        "diff": -0.6500000000000001,
        "out": 1
    },
    "puf_loop[1]": {
        "rt_d0": 1.482,
        "rt_d1": 2.0,
        "diff": -0.518,
        "out": 1
    },
    "puf_loop[2]": {
        "rt_d0": 1.487,
        "rt_d1": 2.029,
        "diff": -0.5419999999999998,
        "out": 1
    },
    "puf_loop[3]": {
        "rt_d0": 1.4,
        "rt_d1": 2.153,
        "diff": -0.7530000000000001,
        "out": 1
    },
    "puf_loop[4]": {
        "rt_d0": 1.494,
        "rt_d1": 1.486,
        "diff": 0.008000000000000007,
        "out": 0
    },
    "puf_loop[5]": {
        "rt_d0": 1.485,
        "rt_d1": 1.481,
        "diff": 0.0040000000000000036,
        "out": 0
    },
    "puf_loop[6]": {
        "rt_d0": 1.571,
        "rt_d1": 1.37,
        "diff": 0.20099999999999985,
        "out": 0
    },
    "puf_loop[7]": {
        "rt_d0": 1.504,
        "rt_d1": 1.471,
        "diff": 0.03299999999999992,
        "out": 0
    },
    "puf_loop[8]": {
        "rt_d0": 1.369,
        "rt_d1": 1.538,
        "diff": -0.16900000000000004,
        "out": 1
    },
    "puf_loop[9]": {
        "rt_d0": 1.484,
        "rt_d1": 1.46,
        "diff": 0.02400000000000002,
        "out": 0
    },
    "puf_loop[10]": {
        "rt_d0": 1.486,
        "rt_d1": 1.476,
        "diff": 0.010000000000000009,
        "out": 0
    },
    "puf_loop[11]": {
        "rt_d0": 1.421,
        "rt_d1": 1.38,
        "diff": 0.04100000000000015,
        "out": 0
    },
    "puf_loop[12]": {
        "rt_d0": 1.373,
        "rt_d1": 1.538,
        "diff": -0.16500000000000004,
        "out": 1
    },
    "puf_loop[13]": {
        "rt_d0": 1.482,
        "rt_d1": 1.458,
        "diff": 0.02400000000000002,
        "out": 0
    },
    "puf_loop[14]": {
        "rt_d0": 1.487,
        "rt_d1": 1.474,
        "diff": 0.013000000000000123,
        "out": 0
    },
    "puf_loop[15]": {
        "rt_d0": 1.387,
        "rt_d1": 1.375,
        "diff": 0.01200000000000001,
        "out": 0
    },
    "Average Static D-latch Cycle": 3.0623124999999995,
    "Average D-Diff": 0.19793750000000002
}