{
    "puf_loop[0]": {
        "rt_d0": 1.678,
        "rt_d1": 1.943,
        "diff": -0.2650000000000001,
        "out": 1
    },
    "puf_loop[1]": {
        "rt_d0": 2.262,
        "rt_d1": 1.969,
        "diff": 0.2929999999999999,
        "out": 0
    },
    "puf_loop[2]": {
        "rt_d0": 2.055,
        "rt_d1": 2.122,
        "diff": -0.06699999999999973,
        "out": 1
    },
    "puf_loop[3]": {
        "rt_d0": 1.965,
        "rt_d1": 1.613,
        "diff": 0.3520000000000001,
        "out": 0
    },
    "puf_loop[4]": {
        "rt_d0": 1.56,
        "rt_d1": 1.902,
        "diff": -0.34199999999999986,
        "out": 1
    },
    "puf_loop[5]": {
        "rt_d0": 1.675,
        "rt_d1": 2.007,
        "diff": -0.3320000000000001,
        "out": 1
    },
    "puf_loop[6]": {
        "rt_d0": 1.577,
        "rt_d1": 2.019,
        "diff": -0.44200000000000017,
        "out": 1
    },
    "puf_loop[7]": {
        "rt_d0": 1.569,
        "rt_d1": 2.051,
        "diff": -0.4820000000000002,
        "out": 1
    },
    "puf_loop[8]": {
        "rt_d0": 1.689,
        "rt_d1": 1.543,
        "diff": 0.14600000000000013,
        "out": 0
    },
    "puf_loop[9]": {
        "rt_d0": 1.668,
        "rt_d1": 1.995,
        "diff": -0.3270000000000002,
        "out": 1
    },
    "puf_loop[10]": {
        "rt_d0": 1.578,
        "rt_d1": 1.557,
        "diff": 0.02100000000000013,
        "out": 0
    },
    "puf_loop[11]": {
        "rt_d0": 2.119,
        "rt_d1": 2.078,
        "diff": 0.04100000000000037,
        "out": 0
    },
    "puf_loop[12]": {
        "rt_d0": 1.69,
        "rt_d1": 1.546,
        "diff": 0.1439999999999999,
        "out": 0
    },
    "puf_loop[13]": {
        "rt_d0": 1.666,
        "rt_d1": 1.993,
        "diff": -0.3270000000000002,
        "out": 1
    },
    "puf_loop[14]": {
        "rt_d0": 1.575,
        "rt_d1": 1.558,
        "diff": 0.016999999999999904,
        "out": 0
    },
    "puf_loop[15]": {
        "rt_d0": 2.089,
        "rt_d1": 2.07,
        "diff": 0.019000000000000128,
        "out": 0
    },
    "Average Static D-latch Cycle": 3.6488125,
    "Average D-Diff": 0.22606250000000003
}