{
    "puf_loop[0]": {
        "rt_d0": 1.339,
        "rt_d1": 1.181,
        "diff": 0.15799999999999992,
        "out": 0
    },
    "puf_loop[1]": {
        "rt_d0": 1.709,
        "rt_d1": 1.717,
        "diff": -0.008000000000000007,
        "out": 1
    },
    "puf_loop[2]": {
        "rt_d0": 1.339,
        "rt_d1": 1.181,
        "diff": 0.15799999999999992,
        "out": 0
    },
    "puf_loop[3]": {
        "rt_d0": 1.181,
        "rt_d1": 1.339,
        "diff": -0.15799999999999992,
        "out": 1
    },
    "puf_loop[4]": {
        "rt_d0": 1.339,
        "rt_d1": 1.181,
        "diff": 0.15799999999999992,
        "out": 0
    },
    "puf_loop[5]": {
        "rt_d0": 1.339,
        "rt_d1": 1.181,
        "diff": 0.15799999999999992,
        "out": 0
    },
    "puf_loop[6]": {
        "rt_d0": 1.181,
        "rt_d1": 1.339,
        "diff": -0.15799999999999992,
        "out": 1
    },
    "puf_loop[7]": {
        "rt_d0": 1.183,
        "rt_d1": 1.341,
        "diff": -0.15799999999999992,
        "out": 1
    },
    "puf_loop[8]": {
        "rt_d0": 1.805,
        "rt_d1": 1.781,
        "diff": 0.02400000000000002,
        "out": 0
    },
    "puf_loop[9]": {
        "rt_d0": 1.268,
        "rt_d1": 1.41,
        "diff": -0.1419999999999999,
        "out": 1
    },
    "puf_loop[10]": {
        "rt_d0": 1.805,
        "rt_d1": 1.781,
        "diff": 0.02400000000000002,
        "out": 0
    },
    "puf_loop[11]": {
        "rt_d0": 1.41,
        "rt_d1": 1.268,
        "diff": 0.1419999999999999,
        "out": 0
    },
    "puf_loop[12]": {
        "rt_d0": 2.214,
        "rt_d1": 1.858,
        "diff": 0.35599999999999987,
        "out": 0
    },
    "puf_loop[13]": {
        "rt_d0": 1.41,
        "rt_d1": 1.268,
        "diff": 0.1419999999999999,
        "out": 0
    },
    "puf_loop[14]": {
        "rt_d0": 1.41,
        "rt_d1": 1.268,
        "diff": 0.1419999999999999,
        "out": 0
    },
    "puf_loop[15]": {
        "rt_d0": 1.41,
        "rt_d1": 1.268,
        "diff": 0.1419999999999999,
        "out": 0
    },
    "Average Static D-latch Cycle": 2.856499999999999,
    "Average D-Diff": 0.13924999999999993
}