{
    "puf_loop[0]": {
        "rt_d0": 1.521,
        "rt_d1": 1.506,
        "diff": 0.014999999999999902,
        "out": 0
    },
    "puf_loop[1]": {
        "rt_d0": 1.521,
        "rt_d1": 1.506,
        "diff": 0.014999999999999902,
        "out": 0
    },
    "puf_loop[2]": {
        "rt_d0": 1.317,
        "rt_d1": 1.318,
        "diff": -0.001000000000000112,
        "out": 1
    },
    "puf_loop[3]": {
        "rt_d0": 1.317,
        "rt_d1": 1.318,
        "diff": -0.001000000000000112,
        "out": 1
    },
    "puf_loop[4]": {
        "rt_d0": 1.317,
        "rt_d1": 1.318,
        "diff": -0.001000000000000112,
        "out": 1
    },
    "puf_loop[5]": {
        "rt_d0": 1.317,
        "rt_d1": 1.318,
        "diff": -0.001000000000000112,
        "out": 1
    },
    "puf_loop[6]": {
        "rt_d0": 1.317,
        "rt_d1": 1.318,
        "diff": -0.001000000000000112,
        "out": 1
    },
    "puf_loop[7]": {
        "rt_d0": 1.317,
        "rt_d1": 1.318,
        "diff": -0.001000000000000112,
        "out": 1
    },
    "puf_loop[8]": {
        "rt_d0": 1.269,
        "rt_d1": 1.276,
        "diff": -0.007000000000000117,
        "out": 1
    },
    "puf_loop[9]": {
        "rt_d0": 1.269,
        "rt_d1": 1.276,
        "diff": -0.007000000000000117,
        "out": 1
    },
    "puf_loop[10]": {
        "rt_d0": 1.269,
        "rt_d1": 1.276,
        "diff": -0.007000000000000117,
        "out": 1
    },
    "puf_loop[11]": {
        "rt_d0": 1.269,
        "rt_d1": 1.276,
        "diff": -0.007000000000000117,
        "out": 1
    },
    "puf_loop[12]": {
        "rt_d0": 1.269,
        "rt_d1": 1.276,
        "diff": -0.007000000000000117,
        "out": 1
    },
    "puf_loop[13]": {
        "rt_d0": 1.269,
        "rt_d1": 1.276,
        "diff": -0.007000000000000117,
        "out": 1
    },
    "puf_loop[14]": {
        "rt_d0": 1.269,
        "rt_d1": 1.276,
        "diff": -0.007000000000000117,
        "out": 1
    },
    "puf_loop[15]": {
        "rt_d0": 1.269,
        "rt_d1": 1.276,
        "diff": -0.007000000000000117,
        "out": 1
    },
    "Average Static D-latch Cycle": 2.6390000000000002,
    "Average D-Diff": 0.005750000000000088
}