{
    "puf_loop[0]": {
        "rt_d0": 2.077,
        "rt_d1": 2.105,
        "diff": -0.028000000000000025,
        "out": 1
    },
    "puf_loop[1]": {
        "rt_d0": 2.077,
        "rt_d1": 2.105,
        "diff": -0.028000000000000025,
        "out": 1
    },
    "puf_loop[2]": {
        "rt_d0": 2.077,
        "rt_d1": 2.105,
        "diff": -0.028000000000000025,
        "out": 1
    },
    "puf_loop[3]": {
        "rt_d0": 2.077,
        "rt_d1": 2.105,
        "diff": -0.028000000000000025,
        "out": 1
    },
    "puf_loop[4]": {
        "rt_d0": 2.077,
        "rt_d1": 2.105,
        "diff": -0.028000000000000025,
        "out": 1
    },
    "puf_loop[5]": {
        "rt_d0": 2.077,
        "rt_d1": 2.105,
        "diff": -0.028000000000000025,
        "out": 1
    },
    "puf_loop[6]": {
        "rt_d0": 2.077,
        "rt_d1": 2.105,
        "diff": -0.028000000000000025,
        "out": 1
    },
    "puf_loop[7]": {
        "rt_d0": 1.924,
        "rt_d1": 2.105,
        "diff": -0.18100000000000005,
        "out": 1
    },
    "puf_loop[8]": {
        "rt_d0": 2.077,
        "rt_d1": 2.105,
        "diff": -0.028000000000000025,
        "out": 1
    },
    "puf_loop[9]": {
        "rt_d0": 2.077,
        "rt_d1": 2.105,
        "diff": -0.028000000000000025,
        "out": 1
    },
    "puf_loop[10]": {
        "rt_d0": 2.077,
        "rt_d1": 2.105,
        "diff": -0.028000000000000025,
        "out": 1
    },
    "puf_loop[11]": {
        "rt_d0": 2.077,
        "rt_d1": 2.105,
        "diff": -0.028000000000000025,
        "out": 1
    },
    "puf_loop[12]": {
        "rt_d0": 2.077,
        "rt_d1": 2.105,
        "diff": -0.028000000000000025,
        "out": 1
    },
    "puf_loop[13]": {
        "rt_d0": 2.077,
        "rt_d1": 2.105,
        "diff": -0.028000000000000025,
        "out": 1
    },
    "puf_loop[14]": {
        "rt_d0": 2.077,
        "rt_d1": 2.105,
        "diff": -0.028000000000000025,
        "out": 1
    },
    "puf_loop[15]": {
        "rt_d0": 2.077,
        "rt_d1": 2.105,
        "diff": -0.028000000000000025,
        "out": 1
    },
    "Average Static D-latch Cycle": 4.172437499999998,
    "Average D-Diff": 0.037562500000000026
}