{
    "puf_loop[0]": {
        "rt_d0": 1.842,
        "rt_d1": 1.692,
        "diff": 0.15000000000000013,
        "out": 0
    },
    "puf_loop[1]": {
        "rt_d0": 1.842,
        "rt_d1": 1.692,
        "diff": 0.15000000000000013,
        "out": 0
    },
    "puf_loop[2]": {
        "rt_d0": 1.842,
        "rt_d1": 1.692,
        "diff": 0.15000000000000013,
        "out": 0
    },
    "puf_loop[3]": {
        "rt_d0": 1.496,
        "rt_d1": 1.692,
        "diff": -0.19599999999999995,
        "out": 1
    },
    "puf_loop[4]": {
        "rt_d0": 1.508,
        "rt_d1": 1.309,
        "diff": 0.19900000000000007,
        "out": 0
    },
    "puf_loop[5]": {
        "rt_d0": 1.309,
        "rt_d1": 1.508,
        "diff": -0.19900000000000007,
        "out": 1
    },
    "puf_loop[6]": {
        "rt_d0": 1.309,
        "rt_d1": 1.508,
        "diff": -0.19900000000000007,
        "out": 1
    },
    "puf_loop[7]": {
        "rt_d0": 1.33,
        "rt_d1": 1.508,
        "diff": -0.17799999999999994,
        "out": 1
    },
    "puf_loop[8]": {
        "rt_d0": 1.673,
        "rt_d1": 1.867,
        "diff": -0.19399999999999995,
        "out": 1
    },
    "puf_loop[9]": {
        "rt_d0": 1.673,
        "rt_d1": 1.867,
        "diff": -0.19399999999999995,
        "out": 1
    },
    "puf_loop[10]": {
        "rt_d0": 1.673,
        "rt_d1": 1.867,
        "diff": -0.19399999999999995,
        "out": 1
    },
    "puf_loop[11]": {
        "rt_d0": 1.695,
        "rt_d1": 1.867,
        "diff": -0.17199999999999993,
        "out": 1
    },
    "puf_loop[12]": {
        "rt_d0": 1.554,
        "rt_d1": 1.72,
        "diff": -0.16599999999999993,
        "out": 1
    },
    "puf_loop[13]": {
        "rt_d0": 1.9,
        "rt_d1": 1.72,
        "diff": 0.17999999999999994,
        "out": 0
    },
    "puf_loop[14]": {
        "rt_d0": 1.554,
        "rt_d1": 1.72,
        "diff": -0.16599999999999993,
        "out": 1
    },
    "puf_loop[15]": {
        "rt_d0": 1.9,
        "rt_d1": 1.72,
        "diff": 0.17999999999999994,
        "out": 0
    },
    "Average Static D-latch Cycle": 3.3155624999999995,
    "Average D-Diff": 0.1791875
}