{
    "puf_loop[0]": {
        "rt_d0": 1.25,
        "rt_d1": 1.473,
        "diff": -0.2230000000000001,
        "out": 1
    },
    "puf_loop[1]": {
        "rt_d0": 1.25,
        "rt_d1": 1.473,
        "diff": -0.2230000000000001,
        "out": 1
    },
    "puf_loop[2]": {
        "rt_d0": 1.25,
        "rt_d1": 1.473,
        "diff": -0.2230000000000001,
        "out": 1
    },
    "puf_loop[3]": {
        "rt_d0": 1.25,
        "rt_d1": 1.473,
        "diff": -0.2230000000000001,
        "out": 1
    },
    "puf_loop[4]": {
        "rt_d0": 1.25,
        "rt_d1": 1.473,
        "diff": -0.2230000000000001,
        "out": 1
    },
    "puf_loop[5]": {
        "rt_d0": 1.25,
        "rt_d1": 1.473,
        "diff": -0.2230000000000001,
        "out": 1
    },
    "puf_loop[6]": {
        "rt_d0": 1.25,
        "rt_d1": 1.473,
        "diff": -0.2230000000000001,
        "out": 1
    },
    "puf_loop[7]": {
        "rt_d0": 1.25,
        "rt_d1": 1.473,
        "diff": -0.2230000000000001,
        "out": 1
    },
    "puf_loop[8]": {
        "rt_d0": 1.29,
        "rt_d1": 1.344,
        "diff": -0.05400000000000005,
        "out": 1
    },
    "puf_loop[9]": {
        "rt_d0": 1.29,
        "rt_d1": 1.344,
        "diff": -0.05400000000000005,
        "out": 1
    },
    "puf_loop[10]": {
        "rt_d0": 1.29,
        "rt_d1": 1.344,
        "diff": -0.05400000000000005,
        "out": 1
    },
    "puf_loop[11]": {
        "rt_d0": 1.29,
        "rt_d1": 1.344,
        "diff": -0.05400000000000005,
        "out": 1
    },
    "puf_loop[12]": {
        "rt_d0": 1.343,
        "rt_d1": 1.287,
        "diff": 0.05600000000000005,
        "out": 0
    },
    "puf_loop[13]": {
        "rt_d0": 1.343,
        "rt_d1": 1.287,
        "diff": 0.05600000000000005,
        "out": 0
    },
    "puf_loop[14]": {
        "rt_d0": 1.343,
        "rt_d1": 1.287,
        "diff": 0.05600000000000005,
        "out": 0
    },
    "puf_loop[15]": {
        "rt_d0": 1.343,
        "rt_d1": 1.287,
        "diff": 0.05600000000000005,
        "out": 0
    },
    "Average Static D-latch Cycle": 2.677499999999999,
    "Average D-Diff": 0.13900000000000007
}